Unnamed: 0,species,diameter at breast height [mm],height [dm],volume with bark [m3],genus,stem_volume_formula_1 [m3],stem_volume_formula_2 [m3],stem_volume_formula_3 [m3],stem_volume_formula_4 [m3],stem_volume_formula_5 [m3],stem_volume_formula_6 [m3],stem_volume_formula_7 [m3],stem_volume_formula_8 [m3],stem_volume_formula_9 [m3],stem_volume_formula_10 [m3],stem_volume_formula_11 [m3],stem_volume_formula_12 [m3],stem_volume_formula_13 [m3],stem_volume_formula_14 [m3],stem_volume_formula_15 [m3],stem_volume_formula_16 [m3],stem_volume_formula_17 [m3],stem_volume_formula_18 [m3],stem_volume_formula_19 [m3],stem_volume_formula_20 [m3],stem_volume_formula_21 [m3],stem_volume_formula_22 [m3],stem_volume_formula_23 [m3],stem_volume_formula_24 [m3],stem_volume_formula_25 [m3],stem_volume_formula_26 [m3],stem_volume_formula_27 [m3],stem_volume_formula_28 [m3],stem_volume_formula_29 [m3],stem_volume_formula_30 [m3],stem_volume_formula_31 [m3],stem_volume_formula_32 [m3],stem_volume_formula_33 [m3],stem_volume_formula_34 [m3],stem_volume_formula_35 [m3],stem_volume_formula_36 [m3],stem_volume_formula_37 [m3],stem_volume_formula_38 [m3],stem_volume_formula_39 [m3],stem_volume_formula_40 [m3],stem_volume_formula_41 [m3],stem_volume_formula_42 [m3],stem_volume_formula_43 [m3],stem_volume_formula_44 [m3],stem_volume_formula_45 [m3],stem_volume_formula_46 [m3],stem_volume_formula_47 [m3],stem_volume_formula_48 [m3],stem_volume_formula_49 [m3],stem_volume_formula_50 [m3],stem_volume_formula_51 [m3],stem_volume_formula_52 [m3],stem_volume_formula_53 [m3],stem_volume_formula_54 [m3],stem_volume_formula_55 [m3],stem_volume_formula_56 [m3],stem_volume_formula_57 [m3],stem_volume_formula_58 [m3],stem_volume_formula_59 [m3],stem_volume_formula_60 [m3],stem_volume_formula_61 [m3],stem_volume_formula_62 [m3],stem_volume_formula_63 [m3],stem_volume_formula_64 [m3],stem_volume_formula_65 [m3],stem_volume_formula_66 [m3],stem_volume_formula_67 [m3],stem_volume_formula_68 [m3],stem_volume_formula_69 [m3],stem_volume_formula_70 [m3],stem_volume_formula_71 [m3],stem_volume_formula_72 [m3],stem_volume_formula_73 [m3],stem_volume_formula_74 [m3],stem_volume_formula_75 [m3],stem_volume_formula_76 [m3],stem_volume_formula_77 [m3],stem_volume_formula_78 [m3],stem_volume_formula_79 [m3],stem_volume_formula_80 [m3],stem_volume_formula_81 [m3],stem_volume_formula_82 [m3],stem_volume_formula_83 [m3],stem_volume_formula_84 [m3],stem_volume_formula_85 [m3],stem_volume_formula_86 [m3],stem_volume_formula_87 [m3],stem_volume_formula_88 [m3],stem_volume_formula_89 [m3],stem_volume_formula_90 [m3],stem_volume_formula_91 [m3],stem_volume_formula_92 [m3],stem_volume_formula_93 [m3],stem_volume_formula_94 [m3],stem_volume_formula_95 [m3],stem_volume_formula_96 [m3],stem_volume_formula_97 [m3],stem_volume_formula_98 [m3],stem_volume_formula_99 [m3],stem_volume_formula_100 [m3],stem_volume_formula_101 [m3],stem_volume_formula_102 [m3],stem_volume_formula_103 [m3],stem_volume_formula_104 [m3],stem_volume_formula_105 [m3],stem_volume_formula_106 [m3],stem_volume_formula_107 [m3],stem_volume_formula_108 [m3],stem_volume_formula_109 [m3],stem_volume_formula_110 [m3],stem_volume_formula_111 [m3],stem_volume_formula_112 [m3],stem_volume_formula_113 [m3],stem_volume_formula_114 [m3],stem_volume_formula_115 [m3],stem_volume_formula_116 [m3],stem_volume_formula_117 [m3],stem_volume_formula_118 [m3],stem_volume_formula_119 [m3],stem_volume_formula_120 [m3],stem_volume_formula_121 [m3],stem_volume_formula_122 [m3],stem_volume_formula_123 [m3],stem_volume_formula_124 [m3],stem_volume_formula_125 [m3],stem_volume_formula_126 [m3],stem_volume_formula_127 [m3],stem_volume_formula_128 [m3],stem_volume_formula_129 [m3],stem_volume_formula_130 [m3],stem_volume_formula_131 [m3],stem_volume_formula_132 [m3],stem_volume_formula_133 [m3],stem_volume_formula_134 [m3],stem_volume_formula_135 [m3],stem_volume_formula_136 [m3],stem_volume_formula_137 [m3],stem_volume_formula_138 [m3],stem_volume_formula_139 [m3],stem_volume_formula_140 [m3],stem_volume_formula_141 [m3],stem_volume_formula_142 [m3],stem_volume_formula_143 [m3],stem_volume_formula_144 [m3],stem_volume_formula_145 [m3],stem_volume_formula_146 [m3],stem_volume_formula_147 [m3],stem_volume_formula_148 [m3],stem_volume_formula_149 [m3],stem_volume_formula_150 [m3],stem_volume_formula_151 [m3],stem_volume_formula_152 [m3],stem_volume_formula_153 [m3],stem_volume_formula_154 [m3],stem_volume_formula_155 [m3],stem_volume_formula_156 [m3],stem_volume_formula_157 [m3],stem_volume_formula_158 [m3],stem_volume_formula_159 [m3],stem_volume_formula_160 [m3],stem_volume_formula_161 [m3],stem_volume_formula_162 [m3],stem_volume_formula_163 [m3],stem_volume_formula_164 [m3],stem_volume_formula_165 [m3],stem_volume_formula_166 [m3],stem_volume_formula_167 [m3],stem_volume_formula_168 [m3],stem_volume_formula_169 [m3],stem_volume_formula_170 [m3],stem_volume_formula_171 [m3],stem_volume_formula_172 [m3],stem_volume_formula_173 [m3],stem_volume_formula_174 [m3],stem_volume_formula_175 [m3],stem_volume_formula_176 [m3],stem_volume_formula_177 [m3],stem_volume_formula_178 [m3],stem_volume_formula_179 [m3],stem_volume_formula_180 [m3],stem_volume_formula_181 [m3],stem_volume_formula_182 [m3],stem_volume_formula_183 [m3],stem_volume_formula_184 [m3],stem_volume_formula_185 [m3],stem_volume_formula_186 [m3],stem_volume_formula_187 [m3],stem_volume_formula_188 [m3],stem_volume_formula_189 [m3],stem_volume_formula_190 [m3],stem_volume_formula_191 [m3],stem_volume_formula_192 [m3],stem_volume_formula_193 [m3],stem_volume_formula_194 [m3],stem_volume_formula_195 [m3],stem_volume_formula_196 [m3],stem_volume_formula_197 [m3],stem_volume_formula_198 [m3],stem_volume_formula_199 [m3],stem_volume_formula_200 [m3],stem_volume_formula_201 [m3],stem_volume_formula_202 [m3],stem_volume_formula_203 [m3],stem_volume_formula_204 [m3],stem_volume_formula_205 [m3],stem_volume_formula_206 [m3],stem_volume_formula_207 [m3],stem_volume_formula_208 [m3],stem_volume_formula_209 [m3],stem_volume_formula_210 [m3],stem_volume_formula_211 [m3],stem_volume_formula_212 [m3],stem_volume_formula_213 [m3],stem_volume_formula_214 [m3],stem_volume_formula_215 [m3],stem_volume_formula_216 [m3],stem_volume_formula_217 [m3],stem_volume_formula_218 [m3],stem_volume_formula_219 [m3],stem_volume_formula_220 [m3],stem_volume_formula_221 [m3],stem_volume_formula_222 [m3],stem_volume_formula_223 [m3],stem_volume_formula_224 [m3],stem_volume_formula_225 [m3],stem_volume_formula_226 [m3],stem_volume_formula_227 [m3],stem_volume_formula_228 [m3],stem_volume_formula_229 [m3],stem_volume_formula_230 [m3]
0,Norway spruce,1001,380.0,9.2874832,Picea,,,,,,,,,,,,,,,,,,,,,,,,,,,,,,,,,,,,,,,,,,,,,,,,,,,,,,,,,,,,,,,,,,,,,,,,,,,,,,,,,,10.827448778988616,-3.966030353158318,9.9549241804856,10.818056062700268,9.001007742360132,15.9515477928529,0.004060406655714232,7.576425360252669,7.825380151808587,10.303238116947858,7.852455621408557,7.721759908464145,19.114171075999995,15.915783883999994,6.909359873559676,12.555967720828688,8.838986379794594,11.369574802768536,11.369325565210248,11.635830845789142,8.343141010966411,4.7984528994180575,6.874276578910165,11.684269393399997,2.8543534399999997,9.798725983999997,9.751365684399998,11.975016758599997,12.958547832899999,8.748345062999999,12.1199831134,10.171532597799999,13.91059565019247,16.218313902381354,10.641941232799997,9.472088430426838,8.907131091810857,10.00690208594471,7.549640543648629,8.977370763770322,10.988051438999998,10.177012469038592,3.3715578728234066,12.489046374642369,9.962539926397076,9.859630151734041,10.167324192935572,9.794546974046142,9.700789568093295,,,,,,,,,,,,,,,,,,,,,,,,,,,,,,,,,,,,,,,,,,,,,,,,,,,,,,,,,,,,,,,,,,,,,,,,,,,,,,,,,,,,,,,,,,,,,,,,,,,,
1,Norway spruce,128,160.0,0.10130733,Picea,,,,,,,,,,,,,,,,,,,,,,,,,,,,,,,,,,,,,,,,,,,,,,,,,,,,,,,,,,,,,,,,,,,,,,,,,,,,,,,,,,0.11233386120291414,0.11107973282206723,0.09532777649920002,0.1357789331029122,0.11345735394096317,0.07218052545439314,0.0036779260221476836,0.11035298962587775,0.1108209257687986,0.09780284159492159,0.09534972939565463,0.0750799265292929,0.131596288,0.10957619199999999,0.10298851002093276,0.09035806574242405,0.07061592100166593,0.08427398514391533,0.11898756112253629,0.11823152394692484,0.11237937450184977,0.07300568622982728,0.0996576254484073,0.11445566720000003,0.11097848000000002,0.110176096,0.1119866912,0.11018794879999999,0.11008726720000003,0.09759430399999999,0.11468469120000002,0.11096792640000001,0.1051158299641397,0.12890358591095952,0.11648675840000002,0.11277061509546352,0.1130091488813119,0.1108020886109678,0.09834812624147389,0.09643765194804049,0.11538841600000002,0.11066993275548656,0.11572322572410376,0.11944777094506785,0.10836869625634091,0.1090642851268809,0.11001198097674621,0.11087268539291921,0.10932552498388699,,,,,,,,,,,,,,,,,,,,,,,,,,,,,,,,,,,,,,,,,,,,,,,,,,,,,,,,,,,,,,,,,,,,,,,,,,,,,,,,,,,,,,,,,,,,,,,,,,,,
2,Sitka spruce,159,148.0,0.16453689,Picea,,,,,,,,,,,,,,,,,,,,,,,,,,,,,,,,,,,,,,,,,,,,,,,,,,,,,,,,,,,,,,,,,,,,,,,,,,,,,,,,,,0.1516924689024457,0.15008510082564794,0.1429872115472,0.21543644265472883,0.155087960220157,0.12753414384981338,0.0041265270475060265,0.1488449126904203,0.14920824716764075,0.13971596894358668,0.13324039645556962,0.13419490413655547,0.18782771760000003,0.1563983784,0.13874971286623802,0.13854965895670612,0.10709165983175496,0.1288187022922227,0.15952659072105158,0.15307587111979337,0.1520027454393449,0.10059599302371292,0.13299346155739272,0.15308249812,0.1425761216,0.15265337952,0.15316585751999998,0.15366027452,0.14913010306000005,0.14752013987999998,0.15440403652000004,0.15430281484,0.14705032923128727,0.17848201497956828,0.15251653120000003,0.15091950144225846,0.1512472598148967,0.15032949076133265,0.12982138061209317,0.13076364226408835,0.15233563700000002,0.15054112585421936,0.14469601943845828,0.16098954110422603,0.14575144944114443,0.14648180994176446,0.14755632443302616,0.14993892885540114,0.14756868462908215,,,,,,,,,,,,,,,,,,,,,,,,,,,,,,,,,,,,,,,,,,,,,,,,,,,,,,,,,,,,,,,,,,,,,,,,,,,,,,,,,,,,,,,,,,,,,,,,,,,,
3,Sitka spruce,430,290.0,1.8259069,Picea,,,,,,,,,,,,,,,,,,,,,,,,,,,,,,,,,,,,,,,,,,,,,,,,,,,,,,,,,,,,,,,,,,,,,,,,,,,,,,,,,,1.8340163669102778,1.1337940207136783,1.8933745673,1.7907139010625186,1.6083933276333686,1.7364162809575072,0.005384156546057581,1.7593166175494035,1.7676853875368166,1.6269575718498204,1.3692633403188328,1.7166355839783207,2.6917742,2.2413578,1.3205648940520278,1.7328520534743626,1.2733821367363145,1.5882817949081616,1.9194019250131729,1.9781574286226276,1.7593507818921146,1.0458313188782424,1.456469109389233,1.9152119399999998,0.8972834000000001,1.8526445599999997,1.8322765399999998,1.96015994,1.9563091400000001,1.7587385000000002,1.94896109,1.86622657,1.996191074106692,2.3526387532387445,1.8328261399999999,1.7912515029692557,1.771629464810962,1.8178650255739452,1.55817487870892,1.6292138763202157,1.8511805399999999,1.8146924810494618,0.9016968153870374,2.036166301238728,1.862495406101505,1.8691720227715807,1.8445853588418528,1.743321679014709,1.6759524113200754,,,,,,,,,,,,,,,,,,,,,,,,,,,,,,,,,,,,,,,,,,,,,,,,,,,,,,,,,,,,,,,,,,,,,,,,,,,,,,,,,,,,,,,,,,,,,,,,,,,,
4,Other spruces,122,76.0,0.039199714,Picea,,,,,,,,,,,,,,,,,,,,,,,,,,,,,,,,,,,,,,,,,,,,,,,,,,,,,,,,,,,,,,,,,,,,,,,,,,,,,,,,,,0.045715323718939736,0.04692955214433208,0.0477211616272,0.12258879779437519,0.05422093375838622,0.06363501327230713,0.0035743899772631713,0.04535593584197612,0.045679218525821644,0.04933908733635006,0.049195369795762736,0.06599241554036052,0.0567854368,0.04728349119999999,0.05008536195610595,0.05411641240137041,0.042395920132734244,0.05050741580658164,0.0479143128712963,0.04043072065715941,0.04705494351189691,0.034639166358506376,0.03946323456946939,0.04575672607999999,0.05030141119999999,0.051615163839999985,0.049992450079999994,0.04755402319999999,0.046097026959999995,0.049597415359999994,0.04644782927999999,0.050002318559999995,0.045586182537923695,0.056043122593119186,0.04787058367999999,0.046030647431036735,0.04625193576445558,0.04717254716032826,0.037579158027928036,0.039606070109023526,0.04814599119999999,0.04719455729618413,0.06075523538495226,0.04713735383572518,0.043824456848185867,0.04372136633620065,0.03941436469613495,0.04853728809454895,0.046939598673385506,,,,,,,,,,,,,,,,,,,,,,,,,,,,,,,,,,,,,,,,,,,,,,,,,,,,,,,,,,,,,,,,,,,,,,,,,,,,,,,,,,,,,,,,,,,,,,,,,,,,
5,Other spruces,235,100.0,0.20704176,Picea,,,,,,,,,,,,,,,,,,,,,,,,,,,,,,,,,,,,,,,,,,,,,,,,,,,,,,,,,,,,,,,,,,,,,,,,,,,,,,,,,,0.17497031610729175,0.1810772564563783,0.17752885960000003,0.4948576655756719,0.2183323228091779,0.3555898697131642,0.004819810268523817,0.1911103705858025,0.19139821488962458,0.21749337532407534,0.20049653411382792,0.37688925256021133,0.27722949999999996,0.23084049999999998,0.19118983148912488,0.26064667862574054,0.1975066207731701,0.2409839208490378,0.20466098485971643,0.1742796545552907,0.19608161444120903,0.140084474861205,0.1651953639837096,0.19233142500000003,0.17390000000000003,0.18264579999999997,0.18209095,0.20131647500000002,0.2074036125,0.187669925,0.19780352499999998,0.189156575,0.21116610802873279,0.2525905390936435,0.2018306,0.1908784994425012,0.19029858941817243,0.19809355691508893,0.15488810619543059,0.16975554477863564,0.204993025,0.19997928525859593,0.17779540046143022,0.20719999353066423,0.18528220136055945,0.18496363373632532,0.18059374020994523,0.19981752190988555,0.19584390119358722,,,,,,,,,,,,,,,,,,,,,,,,,,,,,,,,,,,,,,,,,,,,,,,,,,,,,,,,,,,,,,,,,,,,,,,,,,,,,,,,,,,,,,,,,,,,,,,,,,,,
6,Scots pine,305,259.0,0.82990932,Pinus,,,,,,,,,,,,,,,,,,,,,,,,,,,,,,,,,,,,,,,,,,,,,,,,,,,,,,,,,,,,,,,,,,,,,,,,,,,,,,,,,,,,,,,,,,,,,,,,,,,,,,,,,,,,,,,,,,,,,,,,,,,,,,,,,,,0.622440456449323,0.8929968503380801,0.9407543797974999,0.9709466308102856,0.6301962987649999,0.9389076792667821,,,,,,,,0.8337738666210242,0.6943733438862499,0.695565361425,0.658465421343641,0.5127260788441115,0.8677009452427504,0.8675818590560042,0.7653033273007838,0.7387702579935156,0.9056883286500002,0.6578483824858034,0.8440226019844524,0.837212185243982,0.716011809934233,0.3794167062345357,0.7208700682344489,0.9254327381840962,0.8512146935951196,0.8535955889717054,0.875279681843535,0.8408398171749999,0.8749847909299999,0.9205898092,0.013830537275000011,0.94031683835,0.8679243939971785,0.8540555603249999,0.8654570243530999,0.8611176239979619,0.8158498131041032,0.7672588000604517,0.7114800574785661,0.834134180325,0.7243744047570855,,,,,,,,,,,,,,,,,,,,,,,,,,,,,,,,,,,,,,,,,,,,,,,,,,,,,
7,Scots pine,348,276.0,0.98203754,Pinus,,,,,,,,,,,,,,,,,,,,,,,,,,,,,,,,,,,,,,,,,,,,,,,,,,,,,,,,,,,,,,,,,,,,,,,,,,,,,,,,,,,,,,,,,,,,,,,,,,,,,,,,,,,,,,,,,,,,,,,,,,,,,,,,,,,0.8154528170178813,1.2204580159329987,1.2817396198656,1.3353247492525062,0.8697454354943998,1.2803333356337945,,,,,,,,1.1393642472310581,0.9438247890803233,0.9894594491679998,0.9241774404944045,0.6690082030589353,1.184985304961669,1.1843461085134779,1.0371659381479186,0.9971910644840193,1.2349980460799999,0.8981522149776046,1.1570259167861447,1.1399725076796572,0.9553790899895388,0.4988993185670652,0.9620114743460967,1.259784315532062,1.155925537970042,1.1602503430020683,1.1926584066470405,1.1570317371519998,1.1994454519039999,1.2739756977279995,0.014880081696000004,1.3033576338239998,1.1807326303559116,1.16687888352,1.1793018080149245,1.1752250377314237,1.1119415363194507,1.0507081912549259,0.9749193827965352,1.1349562031999998,0.9928595607717707,,,,,,,,,,,,,,,,,,,,,,,,,,,,,,,,,,,,,,,,,,,,,,,,,,,,,
8,Mountain pine,25,,0.0,Pinus,,,,,,,,,,,,,,,,,,,,,,,,,,,,,,,,,,,,,,,,,,,,,,,,,,,,,,,,,,,,,,,,,,,,,,,,,,,,,,,,,,,,,,,,,,,,,,,,,,,,,,,,,,,,,,,,,,,,,,,,,,,,,,,,,,,,,,,,,,,,,,,,,0.002058068838138464,,0.001062469859197079,0.0012139441727778049,,,,,,,,,,,,,,,,,,,,,,,,,,,,,,,,,,,,,,,,,,,,,,,,,,,,,,,,,,,,,,,,,,,,,,,,,,,,,,,,,,
9,Mountain pine,272,38.0,0.16245905,Pinus,,,,,,,,,,,,,,,,,,,,,,,,,,,,,,,,,,,,,,,,,,,,,,,,,,,,,,,,,,,,,,,,,,,,,,,,,,,,,,,,,,,,,,,,,,,,,,,,,,,,,,,,,,,,,,,,,,,,,,,,,,,,,,,,,,,0.10430584483073631,0.10821871622275776,0.1583926924544,0.1002581030337609,0.15816778370559995,0.12122110274233655,,,,,,,,0.12409983673530935,0.5319382216605498,0.37299009535199995,0.4905824828534468,0.40092774225437416,0.15200530253591166,0.15586642122668914,0.1592684682703095,0.14384087635218887,-0.05034547007999997,0.4986560997595466,0.1211529246852693,0.1604038437583736,0.22544931782054808,0.120994673837238,0.22694830518874268,0.0955819409578037,0.13320319182051224,0.14108397358623956,0.22243149926453792,0.15426874457599996,0.14182771577599995,0.12805804326399997,0.029434032287999998,0.11231611715199999,0.10198504513035575,0.15415199072,0.13935585359252192,0.13180904007365948,0.13711430632900362,0.09114818183160153,0.08195449582703183,0.15041642975999997,0.06290727172176955,,,,,,,,,,,,,,,,,,,,,,,,,,,,,,,,,,,,,,,,,,,,,,,,,,,,,
10,European black pine,538,283.0,2.7153218,Pinus,,,,,,,,,,,,,,,,,,,,,,,,,,,,,,,,,,,,,,,,,,,,,,,,,,,,,,,,,,,,,,,,,,,,,,,,,,,,,,,,,,,,,,,,,,,,,,,,,,,,,,,,,,,,,,,,,,,,,,,,,,,,,,,,,,,1.706066463891351,2.8537913525689986,2.9324134010323997,3.1390780385269985,2.2823225457775997,2.9898831805464074,,,,,,,,2.657908216854691,2.601339927956457,3.111609227187999,2.8317470405596064,1.3527434286255415,2.7432681346858856,2.7450623860704617,2.486847278564478,2.3431115737004893,2.64535206326,2.2837727364334244,2.779702141772576,2.754609627901757,2.264177240847024,1.126529386413883,2.2810699677850113,2.8607033959823913,2.622607084880251,2.6307081605240628,2.645777928609433,2.8173009089559993,2.83793395799,3.116982203583999,0.029305630027999997,3.1898297387119996,2.5463084101845292,2.73798897323,2.7305182291790575,2.7605363819947715,2.594688725380901,2.457529701661969,2.2714042440400255,2.6134918888699996,2.30378099780378,,,,,,,,,,,,,,,,,,,,,,,,,,,,,,,,,,,,,,,,,,,,,,,,,,,,,
11,European black pine,228,209.0,0.38041985,Pinus,,,,,,,,,,,,,,,,,,,,,,,,,,,,,,,,,,,,,,,,,,,,,,,,,,,,,,,,,,,,,,,,,,,,,,,,,,,,,,,,,,,,,,,,,,,,,,,,,,,,,,,,,,,,,,,,,,,,,,,,,,,,,,,,,,,0.32245932883519896,0.4166059454426414,0.4369041233856,0.4440153710884102,0.30103626481440005,0.4412718635187431,,,,,,,,0.3893441791286142,0.3527942391913651,0.316382580308,0.3117047007142325,0.26832912220589544,0.40520190919958693,0.40594294868127134,0.3715412293475063,0.3608457403989073,0.42303197292000005,0.32237885164811214,0.3938222606812498,0.4009953593096587,0.3655391770756764,0.20005945010829868,0.36789285677715045,0.4327068919389049,0.4019486867244164,0.4018704990668142,0.4064073672483226,0.391628768848,0.405712954532,0.41922839987199995,0.011849241264000004,0.42563640633600003,0.401820230426167,0.39926607942,0.4066808227602647,0.4047153306310337,0.38480100081888824,0.3553171952266093,0.328694386186862,0.39226409454,0.332826810315362,,,,,,,,,,,,,,,,,,,,,,,,,,,,,,,,,,,,,,,,,,,,,,,,,,,,,
12,Pinus cembra,515,145.0,1.3649546,Pinus,,,,,,,,,,,,,,,,,,,,,,,,,,,,,,,,,,,,,,,,,,,,,,,,,,,,,,,,,,,,,,,,,,,,,,,,,,,,,,,,,,,,,,,,,,,,,,,,,,,,,,,,,,,,,,,,,,,,,,,,,,,,,,,,,,,0.9098677851808263,1.35817186466629,1.4337536719375001,1.4128526269415111,1.3473854746250002,1.4546927464345016,,,,,,,,1.3076157984523162,2.349844573107349,2.433897868875,2.5309516093065003,1.2792592278758508,1.3653719952408965,1.3700848286608105,1.4285162617361287,1.3153202206565149,0.6763063687500007,2.09903568329746,1.402938060460488,1.5372922379547551,1.502548599988314,0.7512201312456308,1.513680732793744,1.2880603303923137,1.2575654091656139,1.2502233380204488,1.216527318243189,1.4266844931249998,1.3898558007500001,1.5031248549999998,0.067028917625,1.49916845825,1.0376594998060729,1.369397424375,1.3431605710266759,1.3736117850146843,1.2745845044807589,1.1590660860809057,1.03151154684414,1.296893664375,1.0288977609958716,,,,,,,,,,,,,,,,,,,,,,,,,,,,,,,,,,,,,,,,,,,,,,,,,,,,,
13,Pinus cembra,251,108.0,0.26828152,Pinus,,,,,,,,,,,,,,,,,,,,,,,,,,,,,,,,,,,,,,,,,,,,,,,,,,,,,,,,,,,,,,,,,,,,,,,,,,,,,,,,,,,,,,,,,,,,,,,,,,,,,,,,,,,,,,,,,,,,,,,,,,,,,,,,,,,0.2180246859982831,0.2605180902021309,0.27311169680960007,0.2630466941994013,0.25580264163040006,0.281977270162862,,,,,,,,0.25443956363042697,0.4412193231078628,0.34213789425900004,0.3990457538167407,0.33496131597540624,0.27046412350212257,0.2719870462100156,0.2826587415314864,0.2665432653705047,0.21370751436000013,0.40932726439459594,0.2634352044507817,0.29712792020615936,0.3200379818123228,0.17329772779265776,0.32213527935215414,0.25361355117479706,0.25595356815286524,0.25512350343683327,0.25913595298183345,0.2718909903240001,0.263016507836,0.2723943598360001,0.020685438112000003,0.2676567258480001,0.2229666680067545,0.26408391716000007,0.2665177551520962,0.26730618023098546,0.2524531126297808,0.22068228159117667,0.1969696958733025,0.25408863532000003,0.19215726358857269,,,,,,,,,,,,,,,,,,,,,,,,,,,,,,,,,,,,,,,,,,,,,,,,,,,,,
14,Eastern white pine,25,,0.0,Pinus,,,,,,,,,,,,,,,,,,,,,,,,,,,,,,,,,,,,,,,,,,,,,,,,,,,,,,,,,,,,,,,,,,,,,,,,,,,,,,,,,,,,,,,,,,,,,,,,,,,,,,,,,,,,,,,,,,,,,,,,,,,,,,,,,,,,,,,,,,,,,,,,,0.002058068838138464,,0.001062469859197079,0.0012139441727778049,,,,,,,,,,,,,,,,,,,,,,,,,,,,,,,,,,,,,,,,,,,,,,,,,,,,,,,,,,,,,,,,,,,,,,,,,,,,,,,,,,
15,Eastern white pine,1,,0.0,Pinus,,,,,,,,,,,,,,,,,,,,,,,,,,,,,,,,,,,,,,,,,,,,,,,,,,,,,,,,,,,,,,,,,,,,,,,,,,,,,,,,,,,,,,,,,,,,,,,,,,,,,,,,,,,,,,,,,,,,,,,,,,,,,,,,,,,,,,,,,,,,,,,,,1.148761379106798e-06,,2.711822821688692e-07,6.237565246223494e-05,,,,,,,,,,,,,,,,,,,,,,,,,,,,,,,,,,,,,,,,,,,,,,,,,,,,,,,,,,,,,,,,,,,,,,,,,,,,,,,,,,
16,Other pines,82,77.0,0.014242512,Pinus,,,,,,,,,,,,,,,,,,,,,,,,,,,,,,,,,,,,,,,,,,,,,,,,,,,,,,,,,,,,,,,,,,,,,,,,,,,,,,,,,,,,,,,,,,,,,,,,,,,,,,,,,,,,,,,,,,,,,,,,,,,,,,,,,,,0.026071562605464376,0.022444821960236547,0.022432422184400003,0.021851976282414406,0.021944105345600002,0.02459632313212813,,,,,,,,0.022191145205960335,0.032657344759152475,0.009493279131999991,0.022503048974623675,0.020075793308551155,0.022758997250490114,0.02319275854463498,0.024694536820940284,0.02427695902638522,0.02485673134,0.02320202537715008,0.021714023659015126,0.02515489611550932,0.030557779794941557,0.018734955804840178,0.03071738254106464,0.02299838564393259,0.023489759853301914,0.023634061633262787,0.02464063550966029,0.030166248163999994,0.02323894751,0.023156113696,0.005036433492,0.023079603688,0.023028807629871154,0.02345277367,0.02304983649405721,0.023144261731150324,0.023380703716379982,0.018231198022576157,0.017383858529172194,0.02333026403,0.01559612696555305,,,,,,,,,,,,,,,,,,,,,,,,,,,,,,,,,,,,,,,,,,,,,,,,,,,,,
17,Other pines,428,290.0,1.8979923,Pinus,,,,,,,,,,,,,,,,,,,,,,,,,,,,,,,,,,,,,,,,,,,,,,,,,,,,,,,,,,,,,,,,,,,,,,,,,,,,,,,,,,,,,,,,,,,,,,,,,,,,,,,,,,,,,,,,,,,,,,,,,,,,,,,,,,,1.1947011638177016,1.8960140647687758,1.9716970121599997,2.0862186918518817,1.40750568304,1.9853376748716212,,,,,,,,1.768923975848025,1.5276381931932368,1.7097563320079996,1.5730033900040927,0.9708942383612104,1.8355240831252204,1.8346137313166149,1.61314623311241,1.5383120372204677,1.88575949136,1.4309867608639817,1.8144283728865231,1.7824051579660345,1.4658427951139268,0.7480798088079466,1.476379988946238,1.9364305634119117,1.7736724878702417,1.7811988433060264,1.8236211737692118,1.8266821582399992,1.87225817096,2.0208276361599995,0.018217123200000004,2.0697535441599997,1.7901260485317643,1.8130129219999997,1.8235222193612612,1.8263159980335433,1.7235456988091649,1.6345084119938853,1.515853803121821,1.7489791571999995,1.5419230256047696,,,,,,,,,,,,,,,,,,,,,,,,,,,,,,,,,,,,,,,,,,,,,,,,,,,,,
18,Silver fir,1,,0.0,Abies,,,,3.974256464049054e-07,,,,,,,,,,,,,,,,,,,,,,,,,,,,,,,,,,,,,,,,,,,,,,,,,,,,,,,,,,,,,,,,,,,,,,,,,,,,,,,,,,,,,,,,,,,,,,,,,,,,,,,,,,,,,,,,,,,,,,,,,,,,,,,,,,,,,,,,,,,,,,,,,,,,,,,,,,,,,,,,,,,,,,,,,,,,,,,,,,,,,,,,,,,,,,,,,,,,,,,,,,,,,,,,,,,,,,,,,,,,,,,,,,
19,Silver fir,249,153.0,0.33188191,Abies,0.34659827795230747,0.35923056812940557,0.34648686909705134,0.4341884275132174,0.383443241396653,0.5203795101937565,0.0003978768488961309,,,,,,,,,,,,,,,,,,,,,,,,,,,,,,,,,,,,,,,,,,,,,,,,,,,,,,,,,,,,,,,,,,,,,,,,,,,,,,,,,,,,,,,,,,,,,,,,,,,,,,,,,,,,,,,,,,,,,,,,,,,,,,,,,,,,,,,,,,,,,,,,,,,,,,,,,,,,,,,,,,,,,,,,,,,0.2787707972167397,,,,,,,,,,,,,,,,,,,,,,,,,,,,,,,,,,,,,,,,,,,,,,,,,,,,
20,Grand fir,179,207.0,0.27363232,Abies,0.2774524483007787,0.2681198171721575,0.2773724203425053,0.18899291664391293,0.2924255219800176,0.32738967958398274,0.00028968226968608605,,,,,,,,,,,,,,,,,,,,,,,,,,,,,,,,,,,,,,,,,,,,,,,,,,,,,,,,,,,,,,,,,,,,,,,,,,,,,,,,,,,,,,,,,,,,,,,,,,,,,,,,,,,,,,,,,,,,,,,,,,,,,,,,,,,,,,,,,,,,,,,,,,,,,,,,,,,,,,,,,,,,,,,,,,,0.1939082733246823,,,,,,,,,,,,,,,,,,,,,,,,,,,,,,,,,,,,,,,,,,,,,,,,,,,,
21,Grand fir,239,231.0,0.53164524,Abies,0.5284892686796789,0.49762953064750487,0.5283215592249938,0.39157828472765066,0.5595050177814347,0.7141912878466328,0.0005557411266031621,,,,,,,,,,,,,,,,,,,,,,,,,,,,,,,,,,,,,,,,,,,,,,,,,,,,,,,,,,,,,,,,,,,,,,,,,,,,,,,,,,,,,,,,,,,,,,,,,,,,,,,,,,,,,,,,,,,,,,,,,,,,,,,,,,,,,,,,,,,,,,,,,,,,,,,,,,,,,,,,,,,,,,,,,,,0.3850597746175707,,,,,,,,,,,,,,,,,,,,,,,,,,,,,,,,,,,,,,,,,,,,,,,,,,,,
22,Other firs,425,283.0,2.3922958,Abies,1.8045630745181522,1.6797192052726522,1.8038865796917656,1.67030581475488,1.9584578403965809,3.573107163156701,0.001958248010060481,,,,,,,,,,,,,,,,,,,,,,,,,,,,,,,,,,,,,,,,,,,,,,,,,,,,,,,,,,,,,,,,,,,,,,,,,,,,,,,,,,,,,,,,,,,,,,,,,,,,,,,,,,,,,,,,,,,,,,,,,,,,,,,,,,,,,,,,,,,,,,,,,,,,,,,,,,,,,,,,,,,,,,,,,,,1.4875782383364993,,,,,,,,,,,,,,,,,,,,,,,,,,,,,,,,,,,,,,,,,,,,,,,,,,,,
23,Other firs,558,340.0,3.939364,Abies,3.526869165109187,3.2499918525755205,3.5254510232756924,3.3172184376722726,3.8461437741072784,8.496354364932891,0.0038399340187066635,,,,,,,,,,,,,,,,,,,,,,,,,,,,,,,,,,,,,,,,,,,,,,,,,,,,,,,,,,,,,,,,,,,,,,,,,,,,,,,,,,,,,,,,,,,,,,,,,,,,,,,,,,,,,,,,,,,,,,,,,,,,,,,,,,,,,,,,,,,,,,,,,,,,,,,,,,,,,,,,,,,,,,,,,,,3.0748830998100547,,,,,,,,,,,,,,,,,,,,,,,,,,,,,,,,,,,,,,,,,,,,,,,,,,,,
24,Douglas fir,463,313.0,2.1181102,Pseudotsuga,,,,,,,,,,,,,,,,,,,,,,,,,,,,,,,,,,,,,,,,,,,,,,,,,,,,,,,,,,,,,,,,,,,,,,,,,,,,,,,,,,,,,,,,,,,,,,,,,,,,,,,,,,,,,,,,,,,,,,,,,,,,,,,,,,,,,,,,,,,,,,,,,,,,,,,,,,,,,,,,,,,,,,,,,,,,,,,,,,,,,,,,,,,,,,,,,2.4317721914612997,2.073902748168767,1.95227673864178,2.405296443905166,1.953271816166596,1.4800755145247935,1.9497113791707958,,,,,,,,,,,,,,,,,,,,,,,,,,,,,,,
25,Douglas fir,644,369.0,4.6409478,Pseudotsuga,,,,,,,,,,,,,,,,,,,,,,,,,,,,,,,,,,,,,,,,,,,,,,,,,,,,,,,,,,,,,,,,,,,,,,,,,,,,,,,,,,,,,,,,,,,,,,,,,,,,,,,,,,,,,,,,,,,,,,,,,,,,,,,,,,,,,,,,,,,,,,,,,,,,,,,,,,,,,,,,,,,,,,,,,,,,,,,,,,,,,,,,,,,,,,,,,5.141056470353602,4.434536012793498,3.761243630187644,5.35470329038797,4.222600943726833,3.1522753316422136,4.214490556689356,,,,,,,,,,,,,,,,,,,,,,,,,,,,,,,
26,European larch,516,276.0,2.3527069,Larix,,,,,,,,,,,,,,,,,,,,,,,,,,,,,,,,,,,,,,,,,,,,,,,,,,,,,,,,,,,,,,,,2.3068455209606977,2.793934587663108,2.5076739964832,2.6965486679711788,2.1814306661847658,2.1814306661847658,2.5424299022069135,2.5407481730164987,2.157183462220317,1.6899223424574175,2.0112641103971813,2.1814306661847658,2.5636038483200005,2.2981402393600003,2.682375436849284,1.3602812816721561,2.5853331150773,0.019351067552996967,,,,,,,,,,,,,,,,,,,,,,,,,,,,,,,,,,,,,,,,,,,,,,,,,,,,,,,,,,,,,,,,,,,,,,,,,,,,,,,,,,,,,,,,,,,,,,,,,,,,,,,,,,,,,,,,,,,,,,,,,,,,,,,,,,,,,,,,,,,,,,,,,,,,,
27,European larch,511,370.0,2.8904333,Larix,,,,,,,,,,,,,,,,,,,,,,,,,,,,,,,,,,,,,,,,,,,,,,,,,,,,,,,,,,,,,,,,3.126268221901861,3.67963804764916,3.4509249296582,3.6353030253805083,3.0784040080075266,3.0784040080075266,3.3528539611355974,3.6098031697085853,2.8268581063220926,2.219893054474906,2.7738334028840326,3.0784040080075266,3.2588953325000003,2.9645717525,3.2855554747540134,1.6679294380498275,3.1668733648544025,0.02370386239888938,,,,,,,,,,,,,,,,,,,,,,,,,,,,,,,,,,,,,,,,,,,,,,,,,,,,,,,,,,,,,,,,,,,,,,,,,,,,,,,,,,,,,,,,,,,,,,,,,,,,,,,,,,,,,,,,,,,,,,,,,,,,,,,,,,,,,,,,,,,,,,,,,,,,,
28,Japanese larch,515,232.0,2.132453,Larix,,,,,,,,,,,,,,,,,,,,,,,,,,,,,,,,,,,,,,,,,,,,,,,,,,,,,,,,,,,,,,,,1.8929135069729548,2.336554708991392,2.0305568808250003,2.226854478710547,1.76469600344666,1.76469600344666,2.127096652741721,2.045832481742502,1.8131490582338452,1.4177975714149402,1.6426929116315387,1.76469600344666,2.1911084702,1.9387703076000002,2.339857893501687,1.186834672554554,2.2552328964503405,0.01688028667270859,,,,,,,,,,,,,,,,,,,,,,,,,,,,,,,,,,,,,,,,,,,,,,,,,,,,,,,,,,,,,,,,,,,,,,,,,,,,,,,,,,,,,,,,,,,,,,,,,,,,,,,,,,,,,,,,,,,,,,,,,,,,,,,,,,,,,,,,,,,,,,,,,,,,,
29,Japanese larch,501,317.0,2.5780122,Larix,,,,,,,,,,,,,,,,,,,,,,,,,,,,,,,,,,,,,,,,,,,,,,,,,,,,,,,,,,,,,,,,2.5566593983966186,3.028382931642316,2.7945868776911995,2.9643216067767897,2.4616087514056493,2.4616087514056493,2.7656768414274695,2.8728514981980338,2.34620854759161,1.837669740434969,2.252517540050562,2.4616087514056493,2.7286921833800006,2.4640448748400003,2.7995810952128704,1.4242787486523825,2.6987681798062044,0.020200122395348286,,,,,,,,,,,,,,,,,,,,,,,,,,,,,,,,,,,,,,,,,,,,,,,,,,,,,,,,,,,,,,,,,,,,,,,,,,,,,,,,,,,,,,,,,,,,,,,,,,,,,,,,,,,,,,,,,,,,,,,,,,,,,,,,,,,,,,,,,,,,,,,,,,,,,
30,,25,,0.0,None,,,,,,,,,,,,,,,,,,,,,,,,,,,,,,,,,,,,,,,,,,,,,,,,,,,,,,,,,,,,,,,,,,,,,,,,,,,,,,,,,,,,,,,,,,,,,,,,,,,,,,,,,,,,,,,,,,,,,,,,,,,,,,,,,,,,,,,,,,,,,,,,,,,,,,,,,,,,,,,,,,,,,,,,,,,,,,,,,,,,,,,,,,,,,,,,,,,,,,,,,,,,,,,,,,,,,,,,,,,,,,,,,,,,,,
31,,228,187.0,0.38974762,None,,,,,,,,,,,,,,,,,,,,,,,,,,,,,,,,,,,,,,,,,,,,,,,,,,,,,,,,,,,,,,,,,,,,,,,,,,,,,,,,,,,,,,,,,,,,,,,,,,,,,,,,,,,,,,,,,,,,,,,,,,,,,,,,,,,,,,,,,,,,,,,,,,,,,,,,,,,,,,,,,,,,,,,,,,,,,,,,,,,,,,,,,,,,,,,,,,,,,,,,,,,,,,,,,,,,,,,,,,,,,,,,,,,,,,
32,European yew,25,,0.0,Taxus,,,,,,,,,,,,,,,,,,,,,,,,,,,,,,,,,,,,,,,,,,,,,,,,,,,,,,,,,,,,,,,,,,,,,,,,,,,,,,,,,,,,,,,,,,,,,,,,,,,,,,,,,,,,,,,,,,,,,,,,,,,,,,,,,,,,,,,,,,,,,,,,,,,,,,,,,,,,,,,,,,,,,,,,,,,,,,,,,,,,,,,,,,,,,,,,,,,,,,,,,,,,,,,,,,,,,,,,,,,,,,,,,,,,,,
33,European yew,1,,0.0,Taxus,,,,,,,,,,,,,,,,,,,,,,,,,,,,,,,,,,,,,,,,,,,,,,,,,,,,,,,,,,,,,,,,,,,,,,,,,,,,,,,,,,,,,,,,,,,,,,,,,,,,,,,,,,,,,,,,,,,,,,,,,,,,,,,,,,,,,,,,,,,,,,,,,,,,,,,,,,,,,,,,,,,,,,,,,,,,,,,,,,,,,,,,,,,,,,,,,,,,,,,,,,,,,,,,,,,,,,,,,,,,,,,,,,,,,,
34,Beech,102,162.0,0.044845171,Fagus,,,,,,,,,,,,,,,,,,,,,,,,,,,,,,,,,,,,,,,,,,,,,0.10552570814419047,0.06534909727556952,0.07103070334855306,0.04853429314111947,0.06104392701999998,0.019274805720737278,0.19323441419616,0.07925185249677921,0.06278554704800281,,,,,,,,,,,,,,,,,,,,,,,,,,,,,,,,,,,,,,,,,,,,,,,,,,,,,,,,,,,,,,,,,,,,,,,,,,,,,,,,,,,,,,,,,,,,,,,,,,,,,,,,,,,,,,,,,,,,,,,,,,,,,,,,,,,,,,,,,,,,,,,,,,,,,,,,,,,,,,,,,,,,,,,,,,,,,,,,,
35,Beech,449,160.0,1.3038293,Fagus,,,,,,,,,,,,,,,,,,,,,,,,,,,,,,,,,,,,,,,,,,,,,1.768959309346513,1.130071149773537,1.2521852853875617,1.1920743839999999,1.5804365159254998,1.7014309286908638,0.82989904609948,0.7782779817703385,0.8688025917588471,,,,,,,,,,,,,,,,,,,,,,,,,,,,,,,,,,,,,,,,,,,,,,,,,,,,,,,,,,,,,,,,,,,,,,,,,,,,,,,,,,,,,,,,,,,,,,,,,,,,,,,,,,,,,,,,,,,,,,,,,,,,,,,,,,,,,,,,,,,,,,,,,,,,,,,,,,,,,,,,,,,,,,,,,,,,,,,,,
36,English oak,417,313.0,1.8792138,Quercus,,,,,,,,,,,,,,,,,,,,,,,,,,,,,,,,,,,,,,,,,,,,,,,,,,,,,,,,,,,,,,,,,,,,,,,,,,,,,,,,,,,,,,,,,,,,,,,,,,,,,,,,,,,,,,,,,,,,,,,,,,,,,,,,,,,,,,,,,,,,,,,,,,,,,,,,,,,,,,,,,,,,,,,,,,,,,,,,,,,,,,,,,,,,,,,,,,,,,,,,2.850280869602297,2.1042056832230007,1.1685764809420274,2.0633614459732073,1.6168023545336478,2.8835635591569306,2.7717986446196923,1.9368605667380796,1.8873189995532,1.7925412312243976,1.8260021803597788,3.877405417321802,2.0581234083808004,1.5016841072462663,1.3072444092789528,0.00556074099325145,0.002126031156882735,0.0017485967092900213,,,,,,,,,,,,,
37,English oak,517,218.0,2.3369818,Quercus,,,,,,,,,,,,,,,,,,,,,,,,,,,,,,,,,,,,,,,,,,,,,,,,,,,,,,,,,,,,,,,,,,,,,,,,,,,,,,,,,,,,,,,,,,,,,,,,,,,,,,,,,,,,,,,,,,,,,,,,,,,,,,,,,,,,,,,,,,,,,,,,,,,,,,,,,,,,,,,,,,,,,,,,,,,,,,,,,,,,,,,,,,,,,,,,,,,,,,,,2.2751967680847875,2.2526468682780005,1.3134876407747769,1.9367889436918508,1.2259920517572298,1.9899040615515557,2.9102113245638033,2.183436037623205,1.8852908039182004,1.8725167513332754,2.0766264760227564,4.898803135320069,2.2153986864258,1.8998666966636149,1.645718905416315,0.005622666627818608,0.002477754281931462,0.0020512078997490424,,,,,,,,,,,,,
38,Sessile oak,272,189.0,0.52249312,Quercus,,,,,,,,,,,,,,,,,,,,,,,,,,,,,,,,,,,,,,,,,,,,,,,,,,,,,,,,,,,,,,,,,,,,,,,,,,,,,,,,,,,,,,,,,,,,,,,,,,,,,,,,,,,,,,,,,,,,,,,,,,,,,,,,,,,,,,,,,,,,,,,,,,,,,,,,,,,,,,,,,,,,,,,,,,,,,,,,,,,,,,,,,,,,,,,,,,,,,,,,0.6936125628486067,0.5414791096639999,0.3659786212156935,0.5094139446350453,0.25918023703310455,0.29265139630036,0.6501446727754836,0.5334570389311345,0.4943598169791999,0.5001680271908833,0.5295679054375029,0.7767855296157886,0.5492164715168,0.4721099672440618,0.41503669379838154,0.0027294585159078548,0.0005975080394076039,0.0005013093485630642,,,,,,,,,,,,,
39,Sessile oak,166,221.0,0.21519108,Quercus,,,,,,,,,,,,,,,,,,,,,,,,,,,,,,,,,,,,,,,,,,,,,,,,,,,,,,,,,,,,,,,,,,,,,,,,,,,,,,,,,,,,,,,,,,,,,,,,,,,,,,,,,,,,,,,,,,,,,,,,,,,,,,,,,,,,,,,,,,,,,,,,,,,,,,,,,,,,,,,,,,,,,,,,,,,,,,,,,,,,,,,,,,,,,,,,,,,,,,,,0.4185908572937321,0.23649761876400005,0.16768020532053363,0.24408799086394925,0.11861527523935189,0.11331633662798406,0.2965312681654021,0.22689917636328766,0.21818686473040005,0.23480613874043946,0.23435127676439305,0.2553033389368166,0.21856515513360006,0.18804746263650005,0.1672014419136128,0.0018193056460387345,0.00025011991923776456,0.00020314403714540705,,,,,,,,,,,,,
40,Northern red oak,219,199.0,0.36490697,Quercus,,,,,,,,,,,,,,,,,,,,,,,,,,,,,,,,,,,,,,,,,,,,,,,,,,,,,,,,,,,,,,,,,,,,,,,,,,,,,,,,,,,,,,,,,,,,,,,,,,,,,,,,,,,,,,,,,,,,,,,,,,,,,,,,,,,,,,,,,,,,,,,,,,,,,,,,,,,,,,,,,,,,,,,,,,,,,,,,,,,,,,,,,,,,,,,,,,,,,,,,0.541169984226719,0.3699707507209999,0.25647760594004937,0.36181708378931765,0.1783399458415065,0.18557390819165415,0.4482287256915916,0.36122361678371,0.34349373659159993,0.352990967213279,0.3629105168792195,0.4639368993104726,0.36658387031439993,0.31217744368799966,0.27580887101604185,0.002262418123720405,0.0004017318930908728,0.0003339681137622133,,,,,,,,,,,,,
41,Northern red oak,294,180.0,0.5639165,Quercus,,,,,,,,,,,,,,,,,,,,,,,,,,,,,,,,,,,,,,,,,,,,,,,,,,,,,,,,,,,,,,,,,,,,,,,,,,,,,,,,,,,,,,,,,,,,,,,,,,,,,,,,,,,,,,,,,,,,,,,,,,,,,,,,,,,,,,,,,,,,,,,,,,,,,,,,,,,,,,,,,,,,,,,,,,,,,,,,,,,,,,,,,,,,,,,,,,,,,,,,0.7244553155229113,0.60235500872,0.4063343645669148,0.5568477279511929,0.28443371050560057,0.3270554437287956,0.7214732425236526,0.5978082162658612,0.5438130478495999,0.5503523017470501,0.5920035119587687,0.9119704226921115,0.6156303645344,0.5383895137091694,0.4724583696843353,0.002870194127122359,0.0006729234165156204,0.0005661198225508813,,,,,,,,,,,,,
42,Common ash,467,376.0,3.1765842,Fraxinus,,,,,,,,,,,,,,,,,,,,,,,,,,,,,,,,,,,,,,,,,,,,,,,,,,,,,,,,,,,,,2.3401406920200007,3.0334757197621576,2.5609278213041096,,,,,,,,,,,,,,,,,,,,,,,,,,,,,,,,,,,,,,,,,,,,,,,,,,,,,,,,,,,,,,,,,,,,,,,,,,,,,,,,,,,,,,,,,,,,,,,,,,,,,,,,,,,,,,,,,,,,,,,,,,,,,,,,,,,,,,,,,,,,,,,,,,,,,,,,,,,,,,,,,,,,,,,
43,Common ash,714,366.0,6.653307,Fraxinus,,,,,,,,,,,,,,,,,,,,,,,,,,,,,,,,,,,,,,,,,,,,,,,,,,,,,,,,,,,,,4.721450414080002,8.088285265516053,5.8821389858617374,,,,,,,,,,,,,,,,,,,,,,,,,,,,,,,,,,,,,,,,,,,,,,,,,,,,,,,,,,,,,,,,,,,,,,,,,,,,,,,,,,,,,,,,,,,,,,,,,,,,,,,,,,,,,,,,,,,,,,,,,,,,,,,,,,,,,,,,,,,,,,,,,,,,,,,,,,,,,,,,,,,,,,,
44,Hornbeam,306,213.0,0.71306151,Carpinus,,,,,,,,,,,,,,,,,,,,,,,,,,,,,,,,,,,,,,,,,,,,,,,,,,,,,,,,,,,,,,,,,,,,,,,,,,,,,,,,,,,,,,,,,,,,,,,,,,,,,,,,,,,,,,,,,,,,,,,,,,,,,,,,,,,,,,,,,,,,,,,,,,,,,,,,,,,,,,,,,,,,,,,,,,,,,,,,,,,,,,,,,,,,,,,,,,,,,,,,,,,,,,,,,,,,,,,,,,,,,,,,,,,,,,
45,Hornbeam,255,182.0,0.41246033,Carpinus,,,,,,,,,,,,,,,,,,,,,,,,,,,,,,,,,,,,,,,,,,,,,,,,,,,,,,,,,,,,,,,,,,,,,,,,,,,,,,,,,,,,,,,,,,,,,,,,,,,,,,,,,,,,,,,,,,,,,,,,,,,,,,,,,,,,,,,,,,,,,,,,,,,,,,,,,,,,,,,,,,,,,,,,,,,,,,,,,,,,,,,,,,,,,,,,,,,,,,,,,,,,,,,,,,,,,,,,,,,,,,,,,,,,,,
46,Sycamore maple,1,,0.0,Acer,,,,,,,,,,,,,,,,,,,,,,,,,,,,,,,,,,,,,,,,,,,,,,,,,,,,,,,,,,,,,,,,,,,,,,,,,,,,,,,,,,,,,,,,,,,,,,,,,,,,,,,,,,,,,,,,,,,,,,,,,,,,,,,,,,,,,,,,,,,,,,,,,,,,,,,,,,,,,,,,,,,,,,,,,,,,,,,,,,,,,,,,,,,,,,,,,,,,,,,,,,,,,,,,,,,,,,,,,,,,,,,,,,,,,,
47,Sycamore maple,1,,0.0,Acer,,,,,,,,,,,,,,,,,,,,,,,,,,,,,,,,,,,,,,,,,,,,,,,,,,,,,,,,,,,,,,,,,,,,,,,,,,,,,,,,,,,,,,,,,,,,,,,,,,,,,,,,,,,,,,,,,,,,,,,,,,,,,,,,,,,,,,,,,,,,,,,,,,,,,,,,,,,,,,,,,,,,,,,,,,,,,,,,,,,,,,,,,,,,,,,,,,,,,,,,,,,,,,,,,,,,,,,,,,,,,,,,,,,,,,
48,Norway maple,1,,0.0,Acer,,,,,,,,,,,,,,,,,,,,,,,,,,,,,,,,,,,,,,,,,,,,,,,,,,,,,,,,,,,,,,,,,,,,,,,,,,,,,,,,,,,,,,,,,,,,,,,,,,,,,,,,,,,,,,,,,,,,,,,,,,,,,,,,,,,,,,,,,,,,,,,,,,,,,,,,,,,,,,,,,,,,,,,,,,,,,,,,,,,,,,,,,,,,,,,,,,,,,,,,,,,,,,,,,,,,,,,,,,,,,,,,,,,,,,
49,Norway maple,25,,0.0,Acer,,,,,,,,,,,,,,,,,,,,,,,,,,,,,,,,,,,,,,,,,,,,,,,,,,,,,,,,,,,,,,,,,,,,,,,,,,,,,,,,,,,,,,,,,,,,,,,,,,,,,,,,,,,,,,,,,,,,,,,,,,,,,,,,,,,,,,,,,,,,,,,,,,,,,,,,,,,,,,,,,,,,,,,,,,,,,,,,,,,,,,,,,,,,,,,,,,,,,,,,,,,,,,,,,,,,,,,,,,,,,,,,,,,,,,
50,Field maple,74,105.0,0.0084536104,Acer,,,,,,,,,0.019274330872,0.023407775078543445,0.027499392452459224,0.010872891280675713,,,,,,,,,,,,,,,,,,,,,,,,,,,,,,,,,,,,,,,,,,,,,,,,,,,,,,,,,,,,,,,,,,,,,,,,,,,,,,,,,,,,,,,,,,,,,,,,,,,,,,,,,,,,,,,,,,,,,,,,,,,,,,,,,,,,,,,,,,,,,,,,,,,,,,,,,,,,,,,,,,,,,,,,,,,,,,,,,,,,,,,,,,,,,,,,,,,,,,,,,,,,,,,,,,,,,,,,,,
51,Field maple,1,,0.0,Acer,,,,,,,,,,,,,,,,,,,,,,,,,,,,,,,,,,,,,,,,,,,,,,,,,,,,,,,,,,,,,,,,,,,,,,,,,,,,,,,,,,,,,,,,,,,,,,,,,,,,,,,,,,,,,,,,,,,,,,,,,,,,,,,,,,,,,,,,,,,,,,,,,,,,,,,,,,,,,,,,,,,,,,,,,,,,,,,,,,,,,,,,,,,,,,,,,,,,,,,,,,,,,,,,,,,,,,,,,,,,,,,,,,,,,,
52,Linden tree,575,341.0,4.4374833,Tilia,,,,,,,,,,,,,,,,,,,,,,,,,,,,,,,,,,,,,,,,,,,,,,,,,,,,,,,,,,,,,,,,,,,,,,,,,,,,,,,,,,,,,,,,,,,,,,,,,,,,,,,,,,,,,,,,,,,,,,,,,,,,,,,,,,,,,,,,,,,,,,,,,,,,,,,,,,,,,,,,,,,,,,,,,,,,,,,,,,,,,,,,,,,,,,,,,,,,,,,,,,,,,,,,,,,,,,,,,,,,,,,,,0.06717251568757743,,,,,
53,Linden tree,104,99.0,0.034151409,Tilia,,,,,,,,,,,,,,,,,,,,,,,,,,,,,,,,,,,,,,,,,,,,,,,,,,,,,,,,,,,,,,,,,,,,,,,,,,,,,,,,,,,,,,,,,,,,,,,,,,,,,,,,,,,,,,,,,,,,,,,,,,,,,,,,,,,,,,,,,,,,,,,,,,,,,,,,,,,,,,,,,,,,,,,,,,,,,,,,,,,,,,,,,,,,,,,,,,,,,,,,,,,,,,,,,,,,,,,,,,,,,,,,,0.003465844112757985,,,,,
54,Black locust,846,322.0,11.924439,Acacia,,,,,,,,7.5193524698091725,,,,,,,,,,,,,,,,,,,,,,,,,,,,,,,,,,,,,,,,,,,,,,,,,,,,,,,,,,,,,,,,,,,,,,,,,,,,,,,,,,,,,,,,,,,,,,,,,,,,,,,,,,,,,,,,,,,,,,,,,,,,,,,,,,,,,,,,,,,,,,,,,,,,,,,,,,,,,,,,,,,,,,,,,,,,,,,,,,,,,,,,,,,,,,,,,,,,,,,,,,,,,,,,,,,,,,,,,,,,,,
55,Black locust,1064,296.0,14.938807,Acacia,,,,,,,,10.552950043924309,,,,,,,,,,,,,,,,,,,,,,,,,,,,,,,,,,,,,,,,,,,,,,,,,,,,,,,,,,,,,,,,,,,,,,,,,,,,,,,,,,,,,,,,,,,,,,,,,,,,,,,,,,,,,,,,,,,,,,,,,,,,,,,,,,,,,,,,,,,,,,,,,,,,,,,,,,,,,,,,,,,,,,,,,,,,,,,,,,,,,,,,,,,,,,,,,,,,,,,,,,,,,,,,,,,,,,,,,,,,,,
56,"Elm, native species",1,,0.0,Ulmus,,,,,,,,,,,,,,,,,,,,,,,,,,,,,,,,,,,,,,,,,,,,,,,,,,,,,,,,,,,,,,,,,,,,,,,,,,,,,,,,,,,,,,,,,,,,,,,,,,,,,,,,,,,,,,,,,,,,,,,,,,,,,,,,,,,,,,,,,,,,,,,,,,,,,,,,,,,,,,,,,,,,,,,,,,,,,,,,,,,,,,,,,,,,,,,,,,,,,,,,,,,,,,,,,,,,,,,,,,,,,,,,,,,,,,
57,"Elm, native species",1,,0.0,Ulmus,,,,,,,,,,,,,,,,,,,,,,,,,,,,,,,,,,,,,,,,,,,,,,,,,,,,,,,,,,,,,,,,,,,,,,,,,,,,,,,,,,,,,,,,,,,,,,,,,,,,,,,,,,,,,,,,,,,,,,,,,,,,,,,,,,,,,,,,,,,,,,,,,,,,,,,,,,,,,,,,,,,,,,,,,,,,,,,,,,,,,,,,,,,,,,,,,,,,,,,,,,,,,,,,,,,,,,,,,,,,,,,,,,,,,,
58,Chestnut,896,358.0,8.8652124,Castanea,,,,,,,,,,,,,,,,,,,,,,,,,,,,,,,,,,,,,,,,,,,,,,,,,,,,,,,,,,,,,,,,,,,,,,,,,,,,,,,,,,,,,,,,,,,,,,,,,,,,,,,,,,,,,,,,,,,,,,,,,,,,,,,,,,,,,,,,,,,,,,,,,,,,,,,,,,,,,,,,,,,,,,,,,,,,,,,,,,,,,,,,,,,,,,,,,,,,,,,,,,,,,,,,,,,,,,,,,,,,,,,,,,,,,,
59,Chestnut,129,85.0,0.055129774,Castanea,,,,,,,,,,,,,,,,,,,,,,,,,,,,,,,,,,,,,,,,,,,,,,,,,,,,,,,,,,,,,,,,,,,,,,,,,,,,,,,,,,,,,,,,,,,,,,,,,,,,,,,,,,,,,,,,,,,,,,,,,,,,,,,,,,,,,,,,,,,,,,,,,,,,,,,,,,,,,,,,,,,,,,,,,,,,,,,,,,,,,,,,,,,,,,,,,,,,,,,,,,,,,,,,,,,,,,,,,,,,,,,,,,,,,,
60,Misc. deciduous trees with long life expectancy,1,,0.0,Quercus,,,,,,,,,,,,,,,,,,,,,,,,,,,,,,,,,,,,,,,,,,,,,,,,,,,,,,,,,,,,,,,,,,,,,,,,,,,,,,,,,,,,,,,,,,,,,,,,,,,,,,,,,,,,,,,,,,,,,,,,,,,,,,,,,,,,,,,,,,,,,,,,,,,,,,,,,,,,,,,,,,,,,,,,,,,,,,,,,,,,,,,,,,,,,,,,,,,,,,,,,,,,,,,,,,,,,,,,,,,,,,,,,,,,,,
61,Misc. deciduous trees with long life expectancy,73,31.0,0.0089369575,Quercus,,,,,,,,,,,,,,,,,,,,,,,,,,,,,,,,,,,,,,,,,,,,,,,,,,,,,,,,,,,,,,,,,,,,,,,,,,,,,,,,,,,,,,,,,,,,,,,,,,,,,,,,,,,,,,,,,,,,,,,,,,,,,,,,,,,,,,,,,,,,,,,,,,,,,,,,,,,,,,,,,,,,,,,,,,,,,,,,,,,,,,,,,,,,,,,,,,,,,,,,0.0066731482962874384,0.007574024160999999,0.008459129760148839,0.011346582168800813,0.005075842016518918,0.002224715668644991,0.01128472404337717,0.008092968369973084,0.0010865382167999996,0.007673266918124364,0.0364733020890892,0.011271354989096413,0.007448467057199999,0.011605442231673218,0.01051561472773427,0.0002644219447412153,1.0194659686287192e-05,-2.1998017734703274e-06,,,,,,,,,,,,,
62,Service tree,114,108.0,0.056621149,Sorbus,,,,,,,,,,,,,,,,,,,,,,,,,,,,,,,,,,,,,,,,,,,,,,,,,,,,,,,,,,,,,,,,,,,,,,,,,,,,,,,,,,,,,,,,,,,,,,,,,,,,,,,,,,,,,,,,,,,,,,,,,,,,,,,,,,,,,,,,,,,,,,,,,,,,,,,,,,,,,,,,,,,,,,,,,,,,,,,,,,,,,,,,,,,,,,,,,,,,,,,,,,,,,,,,,,,,,,,,,,,,,,0.04967870464,,,,,,,,
63,Service tree,1,,0.0,Sorbus,,,,,,,,,,,,,,,,,,,,,,,,,,,,,,,,,,,,,,,,,,,,,,,,,,,,,,,,,,,,,,,,,,,,,,,,,,,,,,,,,,,,,,,,,,,,,,,,,,,,,,,,,,,,,,,,,,,,,,,,,,,,,,,,,,,,,,,,,,,,,,,,,,,,,,,,,,,,,,,,,,,,,,,,,,,,,,,,,,,,,,,,,,,,,,,,,,,,,,,,,,,,,,,,,,,,,,,,,,,,,,,,,,,,,,
64,Common whitebeam,295,226.0,0.69954967,Sorbus,,,,,,,,,,,,,,,,,,,,,,,,,,,,,,,,,,,,,,,,,,,,,,,,,,,,,,,,,,,,,,,,,,,,,,,,,,,,,,,,,,,,,,,,,,,,,,,,,,,,,,,,,,,,,,,,,,,,,,,,,,,,,,,,,,,,,,,,,,,,,,,,,,,,,,,,,,,,,,,,,,,,,,,,,,,,,,,,,,,,,,,,,,,,,,,,,,,,,,,,,,,,,,,,,,,,,,,,,,,,,,0.4415464564,,,,,,,,
65,Common whitebeam,296,212.0,0.66214728,Sorbus,,,,,,,,,,,,,,,,,,,,,,,,,,,,,,,,,,,,,,,,,,,,,,,,,,,,,,,,,,,,,,,,,,,,,,,,,,,,,,,,,,,,,,,,,,,,,,,,,,,,,,,,,,,,,,,,,,,,,,,,,,,,,,,,,,,,,,,,,,,,,,,,,,,,,,,,,,,,,,,,,,,,,,,,,,,,,,,,,,,,,,,,,,,,,,,,,,,,,,,,,,,,,,,,,,,,,,,,,,,,,,0.43191455656,,,,,,,,
66,Silver birch,278,299.0,0.83068061,Betula,,,,,,,,,,,,,,,,,,,,,,,,0.4546025694846617,0.7559877811208001,0.5916412021339141,0.006369522636423728,0.838262810727039,0.839966373331866,0.85986445218,0.8770427102399999,0.8262801734444057,0.7965969439399998,0.04356386740010346,0.7084879374486168,0.7978886869728773,0.6925133584349722,0.8483210072759999,0.6558717417737995,,,,,,,,,,,,,,,0.8525647558049599,,,,,,,,,,,,,,,,,,,,,,,,,,,,,,,,,,,,,,,,,,,,,,,,,,,,,,,,,,,,,,,,,,,,,,,,,,,,,,,,,,,,,,,,,,,,,,,,,,,,,,,,,,,,,,,,,,,,,,,,,,,,,,,,,,,,,,,,,,,,,,,,,,,,,,,,,,,,,,,,,,,,,,,,,,,,,,,,
67,Silver birch,217,180.0,0.31626499,Betula,,,,,,,,,,,,,,,,,,,,,,,,0.2486660741608224,0.3010543478342,0.31452422666804136,0.005779356685977417,0.300243597048625,0.30060149331899955,0.32540944949999995,0.30509383905000004,0.27826777616694054,0.2802280086,0.017232083320582736,0.23151505140407133,0.2891619926113365,0.24915216731626902,0.29207269521999996,0.26775805516743734,,,,,,,,,,,,,,,0.3222892419867399,,,,,,,,,,,,,,,,,,,,,,,,,,,,,,,,,,,,,,,,,,,,,,,,,,,,,,,,,,,,,,,,,,,,,,,,,,,,,,,,,,,,,,,,,,,,,,,,,,,,,,,,,,,,,,,,,,,,,,,,,,,,,,,,,,,,,,,,,,,,,,,,,,,,,,,,,,,,,,,,,,,,,,,,,,,,,,,,
68,,142,149.0,0.095518582,None,,,,,,,,,,,,,,,,,,,,,,,,,,,,,,,,,,,,,,,,,,,,,,,,,,,,,,,,,,,,,,,,,,,,,,,,,,,,,,,,,,,,,,,,,,,,,,,,,,,,,,,,,,,,,,,,,,,,,,,,,,,,,,,,,,,,,,,,,,,,,,,,,,,,,,,,,,,,,,,,,,,,,,,,,,,,,,,,,,,,,,,,,,,,,,,,,,,,,,,,,,,,,,,,,,,,,,,,,,,,,,,,,,,,,,
69,,103,107.0,0.033161331,None,,,,,,,,,,,,,,,,,,,,,,,,,,,,,,,,,,,,,,,,,,,,,,,,,,,,,,,,,,,,,,,,,,,,,,,,,,,,,,,,,,,,,,,,,,,,,,,,,,,,,,,,,,,,,,,,,,,,,,,,,,,,,,,,,,,,,,,,,,,,,,,,,,,,,,,,,,,,,,,,,,,,,,,,,,,,,,,,,,,,,,,,,,,,,,,,,,,,,,,,,,,,,,,,,,,,,,,,,,,,,,,,,,,,,,
70,Black alder,95,139.0,0.030809805,Alnus,,,,,,,,,,,,,0.055859747462179817,0.05423787320194344,0.055195110175,0.11419751732,0.0497967870225,0.050058588292535074,0.05005615559499999,0.04673154465,0.049676413552231825,0.043284971673545905,,,,,,,,,,,,,,,,,,,,,,,,,,,,,,,,,,,,,,,,,,,,,,,,,,,,,,,,,,,,,,,,,,,,,,,,,,,,,,,,,,,,,,,,,,,,,,,,,,,,,,,,,,,,,,,,,,,,,,,,,,,,,,,,,,,,,,,,,,,,,,,,,,,,,,,,,,,,,,,,,,,,,,,,,,,,,,,,,,,,,,,,,,,,,,,,,,,,,,,,,,,,,,,,
71,Black alder,305,234.0,0.77949691,Alnus,,,,,,,,,,,,,0.8769550010473687,0.7513576765102062,0.76741285905,1.42349050793,0.8314153667099998,0.7853112129573501,0.8022442035199999,0.6729656903999999,0.7990957412634423,0.7148137336398149,,,,,,,,,,,,,,,,,,,,,,,,,,,,,,,,,,,,,,,,,,,,,,,,,,,,,,,,,,,,,,,,,,,,,,,,,,,,,,,,,,,,,,,,,,,,,,,,,,,,,,,,,,,,,,,,,,,,,,,,,,,,,,,,,,,,,,,,,,,,,,,,,,,,,,,,,,,,,,,,,,,,,,,,,,,,,,,,,,,,,,,,,,,,,,,,,,,,,,,,,,,,,,,,
72,Grey alder,25,,0.0,Alnus,,,,,,,,,,,,,,,,,,,,,,,,,,,,,,,,,,,,,,,,,,,,,,,,,,,,,,,,,,,,,,,,,,,,,,,,,,,,,,,,,,,,,,,,,,,,,,,,,,,,,,,,,,,,,,,,,,,,,,,,,,,,,,,,,,,,,,,,,,,,,,,,,,,,,,,,,,,,,,,,,,,,,,,,,,,,,,,,,,,,,,,,,,,,,,,,,,,,,,,,,,,,,,,,,,,,,,,,,,,,,,,,,,,,,,
73,Grey alder,1,,0.0,Alnus,,,,,,,,,,,,,,,,,,,,,,,,,,,,,,,,,,,,,,,,,,,,,,,,,,,,,,,,,,,,,,,,,,,,,,,,,,,,,,,,,,,,,,,,,,,,,,,,,,,,,,,,,,,,,,,,,,,,,,,,,,,,,,,,,,,,,,,,,,,,,,,,,,,,,,,,,,,,,,,,,,,,,,,,,,,,,,,,,,,,,,,,,,,,,,,,,,,,,,,,,,,,,,,,,,,,,,,,,,,,,,,,,,,,,,
74,Common aspen,328,243.0,0.95004904,Populus,,,,,,,,,,,,,,,,,,,,,,,,,,,,,,,,,,,,,,,,,,,,,,,,,,,,,,,,,,,,,,,,,,,,,,,,,,,,,,,,,,,,,,,,,,,,,,,,,,,,,,,,,,,,,,,,,,,,,,,,,,,,,,,,,,,,,,,,,,,,,,,,,,,,,,,,,,,,,,,,,,,,,,,,,,,,,,,,,,,0.008607356900038415,0.010061695019123915,0.7772549637727609,0.9043672280031682,0.0007580650336842432,0.0007963221714852855,0.9639062879999999,1.0402778976,1.0241036725153845,0.9212328876528001,0.9052894519516125,0.5640529335839999,0.7849059238183704,,,,,,,,,,,,,,,,,,,,,,,,,,,,,,,,,,,,,,,
75,Common aspen,239,212.0,0.43276635,Populus,,,,,,,,,,,,,,,,,,,,,,,,,,,,,,,,,,,,,,,,,,,,,,,,,,,,,,,,,,,,,,,,,,,,,,,,,,,,,,,,,,,,,,,,,,,,,,,,,,,,,,,,,,,,,,,,,,,,,,,,,,,,,,,,,,,,,,,,,,,,,,,,,,,,,,,,,,,,,,,,,,,,,,,,,,,,,,,,,,,0.005593108867038929,0.004936177547195135,0.38131433057043035,0.4216861756258998,0.00036126244044559335,0.00037216645309065923,0.4516922979999999,0.48175414959999996,0.48236449559164285,0.43638491389119993,0.43119811704134314,0.26898465702399993,0.39758334480921864,,,,,,,,,,,,,,,,,,,,,,,,,,,,,,,,,,,,,,,
76,European black poplar,339,294.0,1.1466973,Populus,,,,,,,,,,,,,,,,,,,,,,,,,,,,,,,,,,,,,,,,,,,,,,,,,,,,,,,,,,,,,,,,,,,,,,,,,,,,,,,,,,,,,,,,,,,,,,,,,,,,,,,,,,,,,,,,,,,,,,,,,,,,,,,,,,,,,,,,,,,,,,,,,,,,,,,,,,,,,,,,,,,,,,,,,,,,,,,,,,,0.010438381577483146,0.012564763639366044,0.9706142840512271,1.2010799417211255,0.001054607743482976,0.001008954718090967,1.2429072509999999,1.3445036052,1.3311029457854078,1.1999546880227998,1.1999392994055327,0.7400400828659998,1.0150014914548284,,,,,,,,,,,,,,,,,,,,,,,,,,,,,,,,,,,,,,,
77,European black poplar,300,223.0,0.71629679,Populus,,,,,,,,,,,,,,,,,,,,,,,,,,,,,,,,,,,,,,,,,,,,,,,,,,,,,,,,,,,,,,,,,,,,,,,,,,,,,,,,,,,,,,,,,,,,,,,,,,,,,,,,,,,,,,,,,,,,,,,,,,,,,,,,,,,,,,,,,,,,,,,,,,,,,,,,,,,,,,,,,,,,,,,,,,,,,,,,,,,0.007325096220353502,0.007910547532074612,0.6110811671173783,0.6918918944776755,0.0005759757572306184,0.000616175295264194,0.7422450000000002,0.7985760000000001,0.7883063621210578,0.7097473263,0.6951882789401492,0.43434477120000003,0.6163112538524993,,,,,,,,,,,,,,,,,,,,,,,,,,,,,,,,,,,,,,,
78,Grey poplar,719,377.0,5.9511719,Populus,,,,,,,,,,,,,,,,,,,,,,,,,,,,,,,,,,,,,,,,,,,,,,,,,,,,,,,,,,,,,,,,,,,,,,,,,,,,,,,,,,,,,,,,,,,,,,,,,,,,,,,,,,,,,,,,,,,,,,,,,,,,,,,,,,,,,,,,,,,,,,,,,,,,,,,,,,,,,,,,,,,,,,,,,,,,,,,,,,,0.02727674344142289,0.06400832271936246,4.944573102427935,7.008452804766559,0.006046174430733663,0.005682801667389417,7.1233318405,7.756583020600002,7.548731057240933,6.5389138865047025,6.400337655862474,4.013402283611501,4.714567360804186,,,,,,,,,,,,,,,,,,,,,,,,,,,,,,,,,,,,,,,
79,Grey poplar,502,392.0,3.1645803,Populus,,,,,,,,,,,,,,,,,,,,,,,,,,,,,,,,,,,,,,,,,,,,,,,,,,,,,,,,,,,,,,,,,,,,,,,,,,,,,,,,,,,,,,,,,,,,,,,,,,,,,,,,,,,,,,,,,,,,,,,,,,,,,,,,,,,,,,,,,,,,,,,,,,,,,,,,,,,,,,,,,,,,,,,,,,,,,,,,,,,0.019678301003898474,0.03356587470085509,2.5929272031230552,3.6716305815582118,0.003330545205092261,0.0028659623449242048,3.6153632320000004,3.931455606400001,3.878169475281416,3.421066614668801,3.453878141043862,2.1177933436800003,2.673877022885395,,,,,,,,,,,,,,,,,,,,,,,,,,,,,,,,,,,,,,,
80,Silver poplar,330,202.0,0.8873201,Populus,,,,,,,,,,,,,,,,,,,,,,,,,,,,,,,,,,,,,,,,,,,,,,,,,,,,,,,,,,,,,,,,,,,,,,,,,,,,,,,,,,,,,,,,,,,,,,,,,,,,,,,,,,,,,,,,,,,,,,,,,,,,,,,,,,,,,,,,,,,,,,,,,,,,,,,,,,,,,,,,,,,,,,,,,,,,,,,,,,,0.007415813855488199,0.008715740261797975,0.6732814270916381,0.7485671423805517,0.0005990509324636145,0.0006832133235118872,0.8126097,0.87530244,0.8567694794511256,0.76854361056,0.7388682757778664,0.46671479052,0.6524133690162005,,,,,,,,,,,,,,,,,,,,,,,,,,,,,,,,,,,,,,,
81,Silver poplar,593,285.0,3.5320084,Populus,,,,,,,,,,,,,,,,,,,,,,,,,,,,,,,,,,,,,,,,,,,,,,,,,,,,,,,,,,,,,,,,,,,,,,,,,,,,,,,,,,,,,,,,,,,,,,,,,,,,,,,,,,,,,,,,,,,,,,,,,,,,,,,,,,,,,,,,,,,,,,,,,,,,,,,,,,,,,,,,,,,,,,,,,,,,,,,,,,,0.017789211288429637,0.03518089970440314,2.7176861227920535,3.4228150151232737,0.0027668990129812465,0.0030115577773223157,3.667718722499999,3.9885446069999997,3.8462608100033044,3.3938627754074995,3.2439376798673054,2.0606336011874995,2.53181363534404,,,,,,,,,,,,,,,,,,,,,,,,,,,,,,,,,,,,,,,
82,Balsam poplar,222,202.0,0.25737509,Populus,,,,,,,,,,,,,,,,,,,,,,,,,,,,,,,,,,,,,,,,,,,,,,,,,,,,,,,,,,,,,,,,,,,,,,,,,,,,,,,,,,,,,,,,,,,,,,,,,,,,,,,,,,,,,,,,,,,,,,,,,,,,,,,,,,,,,,,,,,,,,,,,,,,,,,,,,,,,,,,,,,,,,,,,,,,,,,,,,,,0.004988820230055697,0.00412366055844997,0.31854827957688076,0.347212888057062,0.00029833501461229265,0.00030684348822736316,0.37306093199999996,0.3960136464,0.39826207475820985,0.3602622532127999,0.35586028770595124,0.22239260699999996,0.3334284773104667,,,,,,,,,,,,,,,,,,,,,,,,,,,,,,,,,,,,,,,
83,Balsam poplar,570,327.0,3.4377487,Populus,,,,,,,,,,,,,,,,,,,,,,,,,,,,,,,,,,,,,,,,,,,,,,,,,,,,,,,,,,,,,,,,,,,,,,,,,,,,,,,,,,,,,,,,,,,,,,,,,,,,,,,,,,,,,,,,,,,,,,,,,,,,,,,,,,,,,,,,,,,,,,,,,,,,,,,,,,,,,,,,,,,,,,,,,,,,,,,,,,,0.019190239499840007,0.03664179973010802,2.8305390560599255,3.739226491944115,0.0031588760207049977,0.003144802117793961,3.8875339500000003,4.22823354,4.109373389147543,3.616505573400001,3.5371930899564834,2.2123946877300003,2.737784816009823,,,,,,,,,,,,,,,,,,,,,,,,,,,,,,,,,,,,,,,
84,European rowan,1,,0.0,Sorbus,,,,,,,,,,,,,,,,,,,,,,,,,,,,,,,,,,,,,,,,,,,,,,,,,,,,,,,,,,,,,,,,,,,,,,,,,,,,,,,,,,,,,,,,,,,,,,,,,,,,,,,,,,,,,,,,,,,,,,,,,,,,,,,,,,,,,,,,,,,,,,,,,,,,,,,,,,,,,,,,,,,,,,,,,,,,,,,,,,,,,,,,,,,,,,,,,,,,,,,,,,,,,,,,,,,,,,,,,,,,,,,,,,,,,,
85,European rowan,77,79.0,0.01133413,Sorbus,,,,,,,,,,,,,,,,,,,,,,,,,,,,,,,,,,,,,,,,,,,,,,,,,,,,,,,,,,,,,,,,,,,,,,,,,,,,,,,,,,,,,,,,,,,,,,,,,,,,,,,,,,,,,,,,,,,,,,,,,,,,,,,,,,,,,,,,,,,,,,,,,,,,,,,,,,,,,,,,,,,,,,,,,,,,,,,,,,,,,,,,,,,,,,,,,,,,,,,,,,,,,,,,,,,,,,,,,,,,,,0.02148797633,,,,,,,,
86,Willow,553,289.0,3.4138055,Salix,,,,,,,,,,,,,,,,,,,,,,,,,,,,,,,,,,,,,,,,,,,,,,,,,,,,,,,,,,,,,,,,,,,,,,,,,,,,,,,,,,,,,,,,,,,,,,,,,,,,,,,,,,,,,,,,,,,,,,,,,,,,,,,,,,,,,,,,,,,,,,,,,,,,,,,,,,,,,,,,,,,,,,,,,,,,,,,,,,,,,,,,,,,,,,,,,,,,,,,,,,,,,,,,,,,,,,,,,,2.3730004980299992,3.1429237182949876,2.769604326698299,0.0032556282502100077,,,,,,,,,
87,Willow,70,49.0,0.0073091798,Salix,,,,,,,,,,,,,,,,,,,,,,,,,,,,,,,,,,,,,,,,,,,,,,,,,,,,,,,,,,,,,,,,,,,,,,,,,,,,,,,,,,,,,,,,,,,,,,,,,,,,,,,,,,,,,,,,,,,,,,,,,,,,,,,,,,,,,,,,,,,,,,,,,,,,,,,,,,,,,,,,,,,,,,,,,,,,,,,,,,,,,,,,,,,,,,,,,,,,,,,,,,,,,,,,,,,,,,,,,,0.012532197900000002,0.01264440427955965,0.007888267299532471,0.0014772375415057794,,,,,,,,,
88,Bird cherry,65,,0.0,Prunus,,,,,,,,,,,,,,,,,,,,,,,,,,,,,,,,,,,,,,,,,,,,,,,,,,,,,,,,,,,,,,,,,,,,,,,,,,,,,,,,,,,,,,,,,,,,,,,,,,,,,,,,,,,,,,,,,,,,,,,,,,,,,,,,,,,,,,,,,,,,,,,,,,,,,,,,,,,,,,,,,,,,,,,,,,,,,,,,,,,,,,,,,,,,,,,,,,,,,,,,,,,,,,,,,,,,,,,,,,,,,,,,,,,,,,
89,Bird cherry,25,,0.0,Prunus,,,,,,,,,,,,,,,,,,,,,,,,,,,,,,,,,,,,,,,,,,,,,,,,,,,,,,,,,,,,,,,,,,,,,,,,,,,,,,,,,,,,,,,,,,,,,,,,,,,,,,,,,,,,,,,,,,,,,,,,,,,,,,,,,,,,,,,,,,,,,,,,,,,,,,,,,,,,,,,,,,,,,,,,,,,,,,,,,,,,,,,,,,,,,,,,,,,,,,,,,,,,,,,,,,,,,,,,,,,,,,,,,,,,,,
90,Wild cherry,211,143.0,0.23317865,Prunus,,,,,,,,,,,,,,,,,,,,,,,,,,,,,,,,,,,,,,,,,,,,,,,,,,,,,,,,,,,,,,,,,,,,,,,,,,,,,,,,,,,,,,,,,,,,,,,,,,,,,,,,,,,,,,,,,,,,,,,,,,,,,,,,,,,,,,,,,,,,,,,,,,,,,,,,,,,,,,,,,,,,,,,,,,,,,,,,,,,,,,,,,,,,,,,,0.17135439278820003,,,,,,,,,,,,,,,,,,,,,,,,,,,,,,,,,,,,,,
91,Wild cherry,1,,0.0,Prunus,,,,,,,,,,,,,,,,,,,,,,,,,,,,,,,,,,,,,,,,,,,,,,,,,,,,,,,,,,,,,,,,,,,,,,,,,,,,,,,,,,,,,,,,,,,,,,,,,,,,,,,,,,,,,,,,,,,,,,,,,,,,,,,,,,,,,,,,,,,,,,,,,,,,,,,,,,,,,,,,,,,,,,,,,,,,,,,,,,,,,,,,,,,,,,,,,,,,,,,,,,,,,,,,,,,,,,,,,,,,,,,,,,,,,,
92,Black cherry,25,,0.0,Prunus,,,,,,,,,,,,,,,,,,,,,,,,,,,,,,,,,,,,,,,,,,,,,,,,,,,,,,,,,,,,,,,,,,,,,,,,,,,,,,,,,,,,,,,,,,,,,,,,,,,,,,,,,,,,,,,,,,,,,,,,,,,,,,,,,,,,,,,,,,,,,,,,,,,,,,,,,,,,,,,,,,,,,,,,,,,,,,,,,,,,,,,,,,,,,,,,,,,,,,,,,,,,,,,,,,,,,,,,,,,,,,,,,,,,,,
93,Black cherry,1,,0.0,Prunus,,,,,,,,,,,,,,,,,,,,,,,,,,,,,,,,,,,,,,,,,,,,,,,,,,,,,,,,,,,,,,,,,,,,,,,,,,,,,,,,,,,,,,,,,,,,,,,,,,,,,,,,,,,,,,,,,,,,,,,,,,,,,,,,,,,,,,,,,,,,,,,,,,,,,,,,,,,,,,,,,,,,,,,,,,,,,,,,,,,,,,,,,,,,,,,,,,,,,,,,,,,,,,,,,,,,,,,,,,,,,,,,,,,,,,
94,Misc. deciduous trees with short life expectancy,25,,0.0,Alnus,,,,,,,,,,,,,,,,,,,,,,,,,,,,,,,,,,,,,,,,,,,,,,,,,,,,,,,,,,,,,,,,,,,,,,,,,,,,,,,,,,,,,,,,,,,,,,,,,,,,,,,,,,,,,,,,,,,,,,,,,,,,,,,,,,,,,,,,,,,,,,,,,,,,,,,,,,,,,,,,,,,,,,,,,,,,,,,,,,,,,,,,,,,,,,,,,,,,,,,,,,,,,,,,,,,,,,,,,,,,,,,,,,,,,,
95,Misc. deciduous trees with short life expectancy,164,166.0,0.15084726,Alnus,,,,,,,,,,,,,0.18423460249645254,0.17503044789247332,0.170285471968,0.356422514288,0.17107133586239998,0.17074391070166167,0.1692374540128,0.15810994607999998,0.16861236258340706,0.1510504774766509,,,,,,,,,,,,,,,,,,,,,,,,,,,,,,,,,,,,,,,,,,,,,,,,,,,,,,,,,,,,,,,,,,,,,,,,,,,,,,,,,,,,,,,,,,,,,,,,,,,,,,,,,,,,,,,,,,,,,,,,,,,,,,,,,,,,,,,,,,,,,,,,,,,,,,,,,,,,,,,,,,,,,,,,,,,,,,,,,,,,,,,,,,,,,,,,,,,,,,,,,,,,,,,,
96,European crab apple,135,135.0,0.08162342,Malus,,,,,,,,,,,,,,,,,,,,,,,,,,,,,,,,,,,,,,,,,,,,,,,,,,,,,,,,,,,,,,,,,,,,,,,,,,,,,,,,,,,,,,,,,,,,,,,,,,,,,,,,,,,,,,,,,,,,,,,,,,,,,,,,,,,,,,,,,,,,,,,,,,,,,,,,,,,,,,,,,,,,,,,,,,,,,,,,,,,,,,,,,,,,,,,,,,,,,,,,,,,,,,,,,,,,,,,,,,,,,,,,,,,,,,
97,European crab apple,87,79.0,0.015210236,Malus,,,,,,,,,,,,,,,,,,,,,,,,,,,,,,,,,,,,,,,,,,,,,,,,,,,,,,,,,,,,,,,,,,,,,,,,,,,,,,,,,,,,,,,,,,,,,,,,,,,,,,,,,,,,,,,,,,,,,,,,,,,,,,,,,,,,,,,,,,,,,,,,,,,,,,,,,,,,,,,,,,,,,,,,,,,,,,,,,,,,,,,,,,,,,,,,,,,,,,,,,,,,,,,,,,,,,,,,,,,,,,,,,,,,,,
98,European wild pear,1,,0.0,Pyrus,,,,,,,,,,,,,,,,,,,,,,,,,,,,,,,,,,,,,,,,,,,,,,,,,,,,,,,,,,,,,,,,,,,,,,,,,,,,,,,,,,,,,,,,,,,,,,,,,,,,,,,,,,,,,,,,,,,,,,,,,,,,,,,,,,,,,,,,,,,,,,,,,,,,,,,,,,,,,,,,,,,,,,,,,,,,,,,,,,,,,,,,,,,,,,,,,,,,,,,,,,,,,,,,,,,,,,,,,,,,,,,,,,,,,,
99,European wild pear,25,,0.0,Pyrus,,,,,,,,,,,,,,,,,,,,,,,,,,,,,,,,,,,,,,,,,,,,,,,,,,,,,,,,,,,,,,,,,,,,,,,,,,,,,,,,,,,,,,,,,,,,,,,,,,,,,,,,,,,,,,,,,,,,,,,,,,,,,,,,,,,,,,,,,,,,,,,,,,,,,,,,,,,,,,,,,,,,,,,,,,,,,,,,,,,,,,,,,,,,,,,,,,,,,,,,,,,,,,,,,,,,,,,,,,,,,,,,,,,,,,
100,Wild service tree,100,127.0,0.029378371,Sorbus,,,,,,,,,,,,,,,,,,,,,,,,,,,,,,,,,,,,,,,,,,,,,,,,,,,,,,,,,,,,,,,,,,,,,,,,,,,,,,,,,,,,,,,,,,,,,,,,,,,,,,,,,,,,,,,,,,,,,,,,,,,,,,,,,,,,,,,,,,,,,,,,,,,,,,,,,,,,,,,,,,,,,,,,,,,,,,,,,,,,,,,,,,,,,,,,,,,,,,,,,,,,,,,,,,,,,,,,,,,,,,0.037933620099999996,,,,,,,,
101,Wild service tree,179,175.0,0.22195752,Sorbus,,,,,,,,,,,,,,,,,,,,,,,,,,,,,,,,,,,,,,,,,,,,,,,,,,,,,,,,,,,,,,,,,,,,,,,,,,,,,,,,,,,,,,,,,,,,,,,,,,,,,,,,,,,,,,,,,,,,,,,,,,,,,,,,,,,,,,,,,,,,,,,,,,,,,,,,,,,,,,,,,,,,,,,,,,,,,,,,,,,,,,,,,,,,,,,,,,,,,,,,,,,,,,,,,,,,,,,,,,,,,,0.14163378784999997,,,,,,,,
